<?xml version="1.0" encoding="UTF-8"?>
<!-- Created with TexturePacker https://www.codeandweb.com/texturepacker -->
<!-- $TexturePacker:SmartUpdate:c607935be6673444713b64fb0e0d91f2:e7f129eccb20f2e2fcec53ff089432e8:e09323ad583a53a321892cbd7e2af2ce$ -->
<!--Format:
n  => name of the sprite
x  => sprite x pos in texture
y  => sprite y pos in texture
w  => sprite width (may be trimmed)
h  => sprite height (may be trimmed)
pX => x pos of the pivot point (relative to sprite width)
pY => y pos of the pivot point (relative to sprite height)
oX => sprite's x-corner offset (only available if trimmed)
oY => sprite's y-corner offset (only available if trimmed)
oW => sprite's original width (only available if trimmed)
oH => sprite's original height (only available if trimmed)
r => 'y' only set if sprite is rotated
with polygon mode enabled:
vertices   => points in sprite coordinate system (x0,y0,x1,y1,x2,y2, ...)
verticesUV => points in sheet coordinate system (x0,y0,x1,y1,x2,y2, ...)
triangles  => sprite triangulation, 3 vertex indices per triangle
-->
<TextureAtlas imagePath="cut_phone.png" width="448" height="1760">
    <sprite n="normal00.png" x="112" y="0" w="112" h="80"/>
    <sprite n="phone00.png" x="112" y="0" w="112" h="80"/>
    <sprite n="phone01.png" x="224" y="0" w="112" h="80"/>
    <sprite n="phone02.png" x="336" y="0" w="112" h="80"/>
    <sprite n="phone03.png" x="0" y="80" w="112" h="80"/>
    <sprite n="phone04.png" x="112" y="80" w="112" h="80"/>
    <sprite n="phone05.png" x="224" y="80" w="112" h="80"/>
    <sprite n="phone06.png" x="336" y="80" w="112" h="80"/>
    <sprite n="phone07.png" x="0" y="160" w="112" h="80"/>
    <sprite n="phone08.png" x="112" y="160" w="112" h="80"/>
    <sprite n="phone09.png" x="224" y="160" w="112" h="80"/>
    <sprite n="phone10.png" x="336" y="160" w="112" h="80"/>
    <sprite n="phone11.png" x="336" y="160" w="112" h="80"/>
    <sprite n="phone12.png" x="0" y="240" w="112" h="80"/>
    <sprite n="phone13.png" x="112" y="240" w="112" h="80"/>
    <sprite n="phone14.png" x="224" y="240" w="112" h="80"/>
    <sprite n="phone15.png" x="336" y="240" w="112" h="80"/>
    <sprite n="phone16.png" x="0" y="320" w="112" h="80"/>
    <sprite n="phone17.png" x="112" y="320" w="112" h="80"/>
    <sprite n="phone18.png" x="0" y="320" w="112" h="80"/>
    <sprite n="phone19.png" x="224" y="320" w="112" h="80"/>
    <sprite n="phone20.png" x="336" y="320" w="112" h="80"/>
    <sprite n="phone21.png" x="0" y="400" w="112" h="80"/>
    <sprite n="phone22.png" x="112" y="400" w="112" h="80"/>
    <sprite n="phone23.png" x="224" y="400" w="112" h="80"/>
    <sprite n="phone24.png" x="336" y="400" w="112" h="80"/>
    <sprite n="phone25.png" x="0" y="480" w="112" h="80"/>
    <sprite n="phone26.png" x="112" y="480" w="112" h="80"/>
    <sprite n="phone27.png" x="224" y="480" w="112" h="80"/>
    <sprite n="phone28.png" x="336" y="480" w="112" h="80"/>
    <sprite n="phone29.png" x="0" y="560" w="112" h="80"/>
    <sprite n="phone30.png" x="112" y="560" w="112" h="80"/>
    <sprite n="phone31.png" x="224" y="560" w="112" h="80"/>
    <sprite n="phone32.png" x="336" y="560" w="112" h="80"/>
    <sprite n="phone33.png" x="0" y="640" w="112" h="80"/>
    <sprite n="phone34.png" x="112" y="640" w="112" h="80"/>
    <sprite n="phone35.png" x="224" y="640" w="112" h="80"/>
    <sprite n="phone36.png" x="336" y="640" w="112" h="80"/>
    <sprite n="phone37.png" x="0" y="720" w="112" h="80"/>
    <sprite n="phone38.png" x="112" y="720" w="112" h="80"/>
    <sprite n="phone39.png" x="224" y="720" w="112" h="80"/>
    <sprite n="phone40.png" x="336" y="720" w="112" h="80"/>
    <sprite n="phone41.png" x="0" y="800" w="112" h="80"/>
    <sprite n="phone42.png" x="112" y="800" w="112" h="80"/>
    <sprite n="phone43.png" x="224" y="800" w="112" h="80"/>
    <sprite n="phone44.png" x="336" y="800" w="112" h="80"/>
    <sprite n="phone45.png" x="0" y="880" w="112" h="80"/>
    <sprite n="phone46.png" x="112" y="880" w="112" h="80"/>
    <sprite n="phone47.png" x="224" y="880" w="112" h="80"/>
    <sprite n="phone48.png" x="336" y="880" w="112" h="80"/>
    <sprite n="phone49.png" x="0" y="960" w="112" h="80"/>
    <sprite n="phone50.png" x="112" y="960" w="112" h="80"/>
    <sprite n="phone51.png" x="224" y="960" w="112" h="80"/>
    <sprite n="phone52.png" x="336" y="960" w="112" h="80"/>
    <sprite n="phone53.png" x="0" y="1040" w="112" h="80"/>
    <sprite n="phone54.png" x="112" y="1040" w="112" h="80"/>
    <sprite n="phone55.png" x="224" y="1040" w="112" h="80"/>
    <sprite n="phone56.png" x="336" y="1040" w="112" h="80"/>
    <sprite n="phone57.png" x="0" y="1120" w="112" h="80"/>
    <sprite n="phone58.png" x="112" y="1120" w="112" h="80"/>
    <sprite n="phone59.png" x="224" y="1120" w="112" h="80"/>
    <sprite n="phone60.png" x="336" y="1120" w="112" h="80"/>
    <sprite n="phone61.png" x="0" y="1200" w="112" h="80"/>
    <sprite n="phone62.png" x="112" y="1200" w="112" h="80"/>
    <sprite n="phone63.png" x="224" y="1200" w="112" h="80"/>
    <sprite n="phone64.png" x="336" y="1200" w="112" h="80"/>
    <sprite n="phone65.png" x="0" y="1280" w="112" h="80"/>
    <sprite n="phone66.png" x="112" y="1280" w="112" h="80"/>
    <sprite n="phone67.png" x="224" y="1280" w="112" h="80"/>
    <sprite n="phone68.png" x="336" y="1280" w="112" h="80"/>
    <sprite n="phone69.png" x="0" y="1360" w="112" h="80"/>
    <sprite n="phone70.png" x="112" y="1360" w="112" h="80"/>
    <sprite n="phone71.png" x="224" y="1360" w="112" h="80"/>
    <sprite n="phone72.png" x="336" y="1360" w="112" h="80"/>
    <sprite n="phone73.png" x="0" y="1440" w="112" h="80"/>
    <sprite n="phone74.png" x="112" y="1440" w="112" h="80"/>
    <sprite n="phone75.png" x="224" y="1440" w="112" h="80"/>
    <sprite n="phone76.png" x="336" y="1440" w="112" h="80"/>
    <sprite n="phone77.png" x="0" y="1520" w="112" h="80"/>
    <sprite n="phone78.png" x="112" y="1520" w="112" h="80"/>
    <sprite n="phone79.png" x="224" y="1520" w="112" h="80"/>
    <sprite n="phone80.png" x="336" y="1520" w="112" h="80"/>
    <sprite n="phone81.png" x="0" y="1600" w="112" h="80"/>
    <sprite n="phone82.png" x="112" y="1600" w="112" h="80"/>
    <sprite n="phone83.png" x="224" y="1600" w="112" h="80"/>
    <sprite n="phone84.png" x="336" y="1600" w="112" h="80"/>
    <sprite n="phone85.png" x="0" y="1680" w="112" h="80"/>
    <sprite n="phone86.png" x="112" y="1680" w="112" h="80"/>
    <sprite n="phone87.png" x="224" y="1680" w="112" h="80"/>
</TextureAtlas>
