<?xml version="1.0" encoding="UTF-8"?>
<!-- Created with TexturePacker https://www.codeandweb.com/texturepacker -->
<!-- $TexturePacker:SmartUpdate:0ee828db783b665a86b5ade5d31a051b:501c3d6580db690359fb15bce9da6f86:5fec354ce4be5c37dc5e53d404a38fc5$ -->
<!--Format:
n  => name of the sprite
x  => sprite x pos in texture
y  => sprite y pos in texture
w  => sprite width (may be trimmed)
h  => sprite height (may be trimmed)
pX => x pos of the pivot point (relative to sprite width)
pY => y pos of the pivot point (relative to sprite height)
oX => sprite's x-corner offset (only available if trimmed)
oY => sprite's y-corner offset (only available if trimmed)
oW => sprite's original width (only available if trimmed)
oH => sprite's original height (only available if trimmed)
r => 'y' only set if sprite is rotated
with polygon mode enabled:
vertices   => points in sprite coordinate system (x0,y0,x1,y1,x2,y2, ...)
verticesUV => points in sheet coordinate system (x0,y0,x1,y1,x2,y2, ...)
triangles  => sprite triangulation, 3 vertex indices per triangle
-->
<TextureAtlas imagePath="badline.png" width="1440" height="1920">
    <sprite n="angry00.png" x="0" y="0" w="160" h="160"/>
    <sprite n="angry01.png" x="0" y="160" w="160" h="160"/>
    <sprite n="angry02.png" x="0" y="320" w="160" h="160"/>
    <sprite n="angry03.png" x="0" y="480" w="160" h="160"/>
    <sprite n="angry04.png" x="0" y="640" w="160" h="160"/>
    <sprite n="angry05.png" x="0" y="800" w="160" h="160"/>
    <sprite n="angry06.png" x="0" y="960" w="160" h="160"/>
    <sprite n="angryAlt00.png" x="0" y="1120" w="160" h="160"/>
    <sprite n="angryAlt01.png" x="0" y="1280" w="160" h="160"/>
    <sprite n="angryAlt02.png" x="0" y="1440" w="160" h="160"/>
    <sprite n="angryAlt03.png" x="0" y="1600" w="160" h="160"/>
    <sprite n="angryAlt04.png" x="0" y="1760" w="160" h="160"/>
    <sprite n="angryAlt05.png" x="160" y="0" w="160" h="160"/>
    <sprite n="angryAlt06.png" x="160" y="160" w="160" h="160"/>
    <sprite n="concerned00.png" x="160" y="320" w="160" h="160"/>
    <sprite n="concerned01.png" x="160" y="480" w="160" h="160"/>
    <sprite n="concerned02.png" x="160" y="640" w="160" h="160"/>
    <sprite n="concerned03.png" x="160" y="800" w="160" h="160"/>
    <sprite n="concerned04.png" x="160" y="960" w="160" h="160"/>
    <sprite n="concerned05.png" x="160" y="1120" w="160" h="160"/>
    <sprite n="concerned06.png" x="160" y="1280" w="160" h="160"/>
    <sprite n="freakA00.png" x="160" y="1440" w="160" h="160"/>
    <sprite n="freakA01.png" x="160" y="1600" w="160" h="160"/>
    <sprite n="freakA02.png" x="160" y="1760" w="160" h="160"/>
    <sprite n="freakA03.png" x="320" y="0" w="160" h="160"/>
    <sprite n="freakA04.png" x="320" y="160" w="160" h="160"/>
    <sprite n="freakA05.png" x="320" y="320" w="160" h="160"/>
    <sprite n="freakA06.png" x="320" y="480" w="160" h="160"/>
    <sprite n="freakA07.png" x="320" y="640" w="160" h="160"/>
    <sprite n="freakA08.png" x="320" y="800" w="160" h="160"/>
    <sprite n="freakA09.png" x="320" y="960" w="160" h="160"/>
    <sprite n="freakA10.png" x="320" y="1120" w="160" h="160"/>
    <sprite n="normal00.png" x="320" y="1280" w="160" h="160"/>
    <sprite n="normal01.png" x="320" y="1440" w="160" h="160"/>
    <sprite n="normal02.png" x="320" y="1600" w="160" h="160"/>
    <sprite n="normal03.png" x="320" y="1760" w="160" h="160"/>
    <sprite n="normal04.png" x="480" y="0" w="160" h="160"/>
    <sprite n="normal05.png" x="480" y="160" w="160" h="160"/>
    <sprite n="normal06.png" x="480" y="320" w="160" h="160"/>
    <sprite n="sad00.png" x="480" y="480" w="160" h="160"/>
    <sprite n="sad01.png" x="480" y="640" w="160" h="160"/>
    <sprite n="sad02.png" x="480" y="800" w="160" h="160"/>
    <sprite n="sad03.png" x="480" y="960" w="160" h="160"/>
    <sprite n="sad04.png" x="480" y="1120" w="160" h="160"/>
    <sprite n="scoff00.png" x="480" y="1280" w="160" h="160"/>
    <sprite n="scoff01.png" x="480" y="1440" w="160" h="160"/>
    <sprite n="scoff02.png" x="480" y="1600" w="160" h="160"/>
    <sprite n="scoff03.png" x="480" y="1760" w="160" h="160"/>
    <sprite n="scoff04.png" x="640" y="0" w="160" h="160"/>
    <sprite n="scoff05.png" x="640" y="160" w="160" h="160"/>
    <sprite n="scoff06.png" x="640" y="320" w="160" h="160"/>
    <sprite n="scoff07.png" x="640" y="480" w="160" h="160"/>
    <sprite n="scoff08.png" x="640" y="640" w="160" h="160"/>
    <sprite n="scoff09.png" x="640" y="800" w="160" h="160"/>
    <sprite n="scoff10.png" x="640" y="960" w="160" h="160"/>
    <sprite n="scoff11.png" x="640" y="1120" w="160" h="160"/>
    <sprite n="scoff12.png" x="640" y="1280" w="160" h="160"/>
    <sprite n="scoff13.png" x="640" y="1440" w="160" h="160"/>
    <sprite n="sigh00.png" x="640" y="1600" w="160" h="160"/>
    <sprite n="sigh01.png" x="640" y="1760" w="160" h="160"/>
    <sprite n="sigh02.png" x="800" y="0" w="160" h="160"/>
    <sprite n="sigh03.png" x="800" y="160" w="160" h="160"/>
    <sprite n="sigh04.png" x="800" y="320" w="160" h="160"/>
    <sprite n="sigh05.png" x="800" y="480" w="160" h="160"/>
    <sprite n="sigh06.png" x="800" y="640" w="160" h="160"/>
    <sprite n="sigh07.png" x="800" y="800" w="160" h="160"/>
    <sprite n="sigh08.png" x="800" y="960" w="160" h="160"/>
    <sprite n="sigh09.png" x="800" y="1120" w="160" h="160"/>
    <sprite n="sigh10.png" x="800" y="1280" w="160" h="160"/>
    <sprite n="sigh11.png" x="800" y="1440" w="160" h="160"/>
    <sprite n="sigh12.png" x="800" y="1600" w="160" h="160"/>
    <sprite n="sigh13.png" x="800" y="1760" w="160" h="160"/>
    <sprite n="upset00.png" x="960" y="0" w="160" h="160"/>
    <sprite n="upset01.png" x="960" y="160" w="160" h="160"/>
    <sprite n="upset02.png" x="960" y="320" w="160" h="160"/>
    <sprite n="upset03.png" x="960" y="480" w="160" h="160"/>
    <sprite n="upset04.png" x="960" y="640" w="160" h="160"/>
    <sprite n="upset05.png" x="960" y="800" w="160" h="160"/>
    <sprite n="upset06.png" x="960" y="960" w="160" h="160"/>
    <sprite n="worried00.png" x="960" y="1120" w="160" h="160"/>
    <sprite n="worried01.png" x="960" y="1280" w="160" h="160"/>
    <sprite n="worried02.png" x="960" y="1440" w="160" h="160"/>
    <sprite n="worried03.png" x="960" y="1600" w="160" h="160"/>
    <sprite n="worried04.png" x="960" y="1760" w="160" h="160"/>
    <sprite n="worried05.png" x="1120" y="0" w="160" h="160"/>
    <sprite n="worried06.png" x="1120" y="160" w="160" h="160"/>
    <sprite n="worriedAlt00.png" x="1120" y="320" w="160" h="160"/>
    <sprite n="worriedAlt01.png" x="1120" y="480" w="160" h="160"/>
    <sprite n="worriedAlt02.png" x="1120" y="640" w="160" h="160"/>
    <sprite n="worriedAlt03.png" x="1120" y="800" w="160" h="160"/>
    <sprite n="worriedAlt04.png" x="1120" y="960" w="160" h="160"/>
    <sprite n="worriedAlt05.png" x="1120" y="1120" w="160" h="160"/>
    <sprite n="worriedAlt06.png" x="1120" y="1280" w="160" h="160"/>
    <sprite n="yell00.png" x="1120" y="1440" w="160" h="160"/>
    <sprite n="yell01.png" x="1120" y="1600" w="160" h="160"/>
    <sprite n="yell02.png" x="1120" y="1760" w="160" h="160"/>
    <sprite n="yell03.png" x="1280" y="0" w="160" h="160"/>
    <sprite n="yell04.png" x="1280" y="160" w="160" h="160"/>
    <sprite n="yell05.png" x="1280" y="320" w="160" h="160"/>
    <sprite n="yell06.png" x="1280" y="480" w="160" h="160"/>
</TextureAtlas>
