<?xml version="1.0" encoding="UTF-8"?>
<!-- Created with TexturePacker https://www.codeandweb.com/texturepacker -->
<!-- $TexturePacker:SmartUpdate:416351a8030b3328192acbfaf52a31aa:22de08045729d9a56c5d1a5f3ce427fb:b169a402b6228124a387aaabfcdf1237$ -->
<!--Format:
n  => name of the sprite
x  => sprite x pos in texture
y  => sprite y pos in texture
w  => sprite width (may be trimmed)
h  => sprite height (may be trimmed)
pX => x pos of the pivot point (relative to sprite width)
pY => y pos of the pivot point (relative to sprite height)
oX => sprite's x-corner offset (only available if trimmed)
oY => sprite's y-corner offset (only available if trimmed)
oW => sprite's original width (only available if trimmed)
oH => sprite's original height (only available if trimmed)
r => 'y' only set if sprite is rotated
with polygon mode enabled:
vertices   => points in sprite coordinate system (x0,y0,x1,y1,x2,y2, ...)
verticesUV => points in sheet coordinate system (x0,y0,x1,y1,x2,y2, ...)
triangles  => sprite triangulation, 3 vertex indices per triangle
-->
<TextureAtlas imagePath="madline.png" width="1440" height="1920">
    <sprite n="angry00.png" x="0" y="0" w="160" h="160"/>
    <sprite n="angry01.png" x="0" y="160" w="160" h="160"/>
    <sprite n="angry02.png" x="0" y="320" w="160" h="160"/>
    <sprite n="angry03.png" x="0" y="480" w="160" h="160"/>
    <sprite n="angry04.png" x="0" y="640" w="160" h="160"/>
    <sprite n="angry05.png" x="0" y="800" w="160" h="160"/>
    <sprite n="angry06.png" x="0" y="960" w="160" h="160"/>
    <sprite n="deadpan00.png" x="0" y="1120" w="160" h="160"/>
    <sprite n="deadpan01.png" x="0" y="1280" w="160" h="160"/>
    <sprite n="deadpan02.png" x="0" y="1440" w="160" h="160"/>
    <sprite n="deadpan03.png" x="0" y="1600" w="160" h="160"/>
    <sprite n="deadpan04.png" x="0" y="1760" w="160" h="160"/>
    <sprite n="deadpan05.png" x="160" y="0" w="160" h="160"/>
    <sprite n="deadpan06.png" x="160" y="160" w="160" h="160"/>
    <sprite n="deadpan07.png" x="160" y="320" w="160" h="160"/>
    <sprite n="deadpan08.png" x="160" y="480" w="160" h="160"/>
    <sprite n="determined00.png" x="160" y="640" w="160" h="160"/>
    <sprite n="determined01.png" x="160" y="800" w="160" h="160"/>
    <sprite n="determined02.png" x="160" y="960" w="160" h="160"/>
    <sprite n="determined03.png" x="160" y="1120" w="160" h="160"/>
    <sprite n="determined04.png" x="160" y="1280" w="160" h="160"/>
    <sprite n="determined05.png" x="160" y="1440" w="160" h="160"/>
    <sprite n="determined06.png" x="160" y="1600" w="160" h="160"/>
    <sprite n="determined07.png" x="160" y="1760" w="160" h="160"/>
    <sprite n="determined08.png" x="320" y="0" w="160" h="160"/>
    <sprite n="determined09.png" x="320" y="160" w="160" h="160"/>
    <sprite n="determined10.png" x="320" y="320" w="160" h="160"/>
    <sprite n="distracted00.png" x="320" y="480" w="160" h="160"/>
    <sprite n="distracted01.png" x="320" y="640" w="160" h="160"/>
    <sprite n="distracted02.png" x="320" y="800" w="160" h="160"/>
    <sprite n="distracted03.png" x="320" y="960" w="160" h="160"/>
    <sprite n="distracted04.png" x="320" y="1120" w="160" h="160"/>
    <sprite n="distracted05.png" x="320" y="1280" w="160" h="160"/>
    <sprite n="distracted06.png" x="320" y="1440" w="160" h="160"/>
    <sprite n="distracted07.png" x="320" y="1600" w="160" h="160"/>
    <sprite n="distracted08.png" x="320" y="1760" w="160" h="160"/>
    <sprite n="distracted09.png" x="480" y="0" w="160" h="160"/>
    <sprite n="normal00.png" x="480" y="160" w="160" h="160"/>
    <sprite n="normal01.png" x="480" y="320" w="160" h="160"/>
    <sprite n="normal02.png" x="480" y="480" w="160" h="160"/>
    <sprite n="normal03.png" x="480" y="640" w="160" h="160"/>
    <sprite n="normal04.png" x="480" y="800" w="160" h="160"/>
    <sprite n="normal05.png" x="480" y="960" w="160" h="160"/>
    <sprite n="normal06.png" x="480" y="1120" w="160" h="160"/>
    <sprite n="panic00.png" x="480" y="1280" w="160" h="160"/>
    <sprite n="panic01.png" x="480" y="1440" w="160" h="160"/>
    <sprite n="panic02.png" x="480" y="1600" w="160" h="160"/>
    <sprite n="panic03.png" x="480" y="1760" w="160" h="160"/>
    <sprite n="panic04.png" x="640" y="0" w="160" h="160"/>
    <sprite n="peaceful00.png" x="640" y="160" w="160" h="160"/>
    <sprite n="peaceful01.png" x="640" y="320" w="160" h="160"/>
    <sprite n="peaceful02.png" x="640" y="480" w="160" h="160"/>
    <sprite n="peaceful03.png" x="640" y="640" w="160" h="160"/>
    <sprite n="sad00.png" x="640" y="800" w="160" h="160"/>
    <sprite n="sad01.png" x="640" y="960" w="160" h="160"/>
    <sprite n="sad02.png" x="640" y="1120" w="160" h="160"/>
    <sprite n="sad03.png" x="640" y="1280" w="160" h="160"/>
    <sprite n="sad04.png" x="640" y="1440" w="160" h="160"/>
    <sprite n="sad05.png" x="640" y="1600" w="160" h="160"/>
    <sprite n="sad06.png" x="640" y="1760" w="160" h="160"/>
    <sprite n="sadder00.png" x="800" y="0" w="160" h="160"/>
    <sprite n="sadder01.png" x="800" y="160" w="160" h="160"/>
    <sprite n="sadder02.png" x="800" y="320" w="160" h="160"/>
    <sprite n="sadder03.png" x="800" y="480" w="160" h="160"/>
    <sprite n="sadder04.png" x="800" y="640" w="160" h="160"/>
    <sprite n="sadder05.png" x="800" y="800" w="160" h="160"/>
    <sprite n="sadder06.png" x="800" y="960" w="160" h="160"/>
    <sprite n="surprised00.png" x="800" y="1120" w="160" h="160"/>
    <sprite n="surprised01.png" x="800" y="1280" w="160" h="160"/>
    <sprite n="surprised02.png" x="800" y="1440" w="160" h="160"/>
    <sprite n="surprised03.png" x="800" y="1600" w="160" h="160"/>
    <sprite n="surprised04.png" x="800" y="1760" w="160" h="160"/>
    <sprite n="surprised05.png" x="960" y="0" w="160" h="160"/>
    <sprite n="surprised06.png" x="960" y="160" w="160" h="160"/>
    <sprite n="together00.png" x="960" y="320" w="160" h="160"/>
    <sprite n="together01.png" x="960" y="480" w="160" h="160"/>
    <sprite n="together02.png" x="960" y="640" w="160" h="160"/>
    <sprite n="together03.png" x="960" y="800" w="160" h="160"/>
    <sprite n="together04.png" x="960" y="960" w="160" h="160"/>
    <sprite n="together05.png" x="960" y="1120" w="160" h="160"/>
    <sprite n="together06.png" x="960" y="1280" w="160" h="160"/>
    <sprite n="togetherZoom00.png" x="960" y="1440" w="160" h="160"/>
    <sprite n="togetherZoom01.png" x="960" y="1600" w="160" h="160"/>
    <sprite n="togetherZoom02.png" x="960" y="1760" w="160" h="160"/>
    <sprite n="togetherZoom03.png" x="1120" y="0" w="160" h="160"/>
    <sprite n="togetherZoom04.png" x="1120" y="160" w="160" h="160"/>
    <sprite n="togetherZoom05.png" x="1120" y="320" w="160" h="160"/>
    <sprite n="togetherZoom06.png" x="1120" y="480" w="160" h="160"/>
    <sprite n="togetherZoom07.png" x="1120" y="640" w="160" h="160"/>
    <sprite n="togetherZoom08.png" x="1120" y="800" w="160" h="160"/>
    <sprite n="togetherZoom09.png" x="1120" y="960" w="160" h="160"/>
    <sprite n="togetherZoom10.png" x="1120" y="1120" w="160" h="160"/>
    <sprite n="togetherZoom11.png" x="1120" y="1280" w="160" h="160"/>
    <sprite n="togetherZoom12.png" x="1120" y="1440" w="160" h="160"/>
    <sprite n="togetherZoom13.png" x="1120" y="1600" w="160" h="160"/>
    <sprite n="togetherZoom14.png" x="1120" y="1760" w="160" h="160"/>
    <sprite n="togetherZoom15.png" x="1280" y="0" w="160" h="160"/>
    <sprite n="togetherZoom16.png" x="1280" y="160" w="160" h="160"/>
    <sprite n="upset00.png" x="1280" y="320" w="160" h="160"/>
    <sprite n="upset01.png" x="1280" y="480" w="160" h="160"/>
    <sprite n="upset02.png" x="1280" y="640" w="160" h="160"/>
    <sprite n="upset03.png" x="1280" y="800" w="160" h="160"/>
    <sprite n="upset04.png" x="1280" y="960" w="160" h="160"/>
    <sprite n="upset05.png" x="1280" y="1120" w="160" h="160"/>
    <sprite n="upset06.png" x="1280" y="1280" w="160" h="160"/>
</TextureAtlas>
