<?xml version="1.0" encoding="UTF-8"?>
<!-- Created with TexturePacker https://www.codeandweb.com/texturepacker -->
<!-- $TexturePacker:SmartUpdate:ff18af36d0c6adc81821259d0f1a9e46:52c2af5bc126e305469ee1fb4657b0b2:894db438802db27e538eba0d4bcbf404$ -->
<!--Format:
n  => name of the sprite
x  => sprite x pos in texture
y  => sprite y pos in texture
w  => sprite width (may be trimmed)
h  => sprite height (may be trimmed)
pX => x pos of the pivot point (relative to sprite width)
pY => y pos of the pivot point (relative to sprite height)
oX => sprite's x-corner offset (only available if trimmed)
oY => sprite's y-corner offset (only available if trimmed)
oW => sprite's original width (only available if trimmed)
oH => sprite's original height (only available if trimmed)
r => 'y' only set if sprite is rotated
with polygon mode enabled:
vertices   => points in sprite coordinate system (x0,y0,x1,y1,x2,y2, ...)
verticesUV => points in sheet coordinate system (x0,y0,x1,y1,x2,y2, ...)
triangles  => sprite triangulation, 3 vertex indices per triangle
-->
<TextureAtlas imagePath="badeline_booste.png" width="320" height="32">
    <sprite n="boost00.png" x="0" y="0" w="32" h="32"/>
    <sprite n="boost01.png" x="32" y="0" w="32" h="32"/>
    <sprite n="boost02.png" x="64" y="0" w="32" h="32"/>
    <sprite n="boost03.png" x="96" y="0" w="32" h="32"/>
    <sprite n="boost04.png" x="128" y="0" w="32" h="32"/>
    <sprite n="boost05.png" x="160" y="0" w="32" h="32"/>
    <sprite n="boost06.png" x="192" y="0" w="32" h="32"/>
    <sprite n="boost07.png" x="224" y="0" w="32" h="32"/>
    <sprite n="boost08.png" x="256" y="0" w="32" h="32"/>
    <sprite n="boost09.png" x="288" y="0" w="32" h="32"/>
</TextureAtlas>
