<?xml version="1.0" encoding="UTF-8"?>
<!-- Created with TexturePacker https://www.codeandweb.com/texturepacker -->
<!-- $TexturePacker:SmartUpdate:35fde3085cb0009dc615caba0a3fe928:d222386306d110e4e5234488de835312:550bfb3c7dce19aa944e593c3059b12d$ -->
<!--Format:
n  => name of the sprite
x  => sprite x pos in texture
y  => sprite y pos in texture
w  => sprite width (may be trimmed)
h  => sprite height (may be trimmed)
pX => x pos of the pivot point (relative to sprite width)
pY => y pos of the pivot point (relative to sprite height)
oX => sprite's x-corner offset (only available if trimmed)
oY => sprite's y-corner offset (only available if trimmed)
oW => sprite's original width (only available if trimmed)
oH => sprite's original height (only available if trimmed)
r => 'y' only set if sprite is rotated
with polygon mode enabled:
vertices   => points in sprite coordinate system (x0,y0,x1,y1,x2,y2, ...)
verticesUV => points in sheet coordinate system (x0,y0,x1,y1,x2,y2, ...)
triangles  => sprite triangulation, 3 vertex indices per triangle
-->
<TextureAtlas imagePath="badelien_faint.png" width="352" height="32">
    <sprite n="faint00.png" x="0" y="0" w="32" h="32"/>
    <sprite n="faint01.png" x="32" y="0" w="32" h="32"/>
    <sprite n="faint02.png" x="64" y="0" w="32" h="32"/>
    <sprite n="faint03.png" x="96" y="0" w="32" h="32"/>
    <sprite n="faint04.png" x="128" y="0" w="32" h="32"/>
    <sprite n="faint05.png" x="160" y="0" w="32" h="32"/>
    <sprite n="faint06.png" x="192" y="0" w="32" h="32"/>
    <sprite n="faint07.png" x="224" y="0" w="32" h="32"/>
    <sprite n="faint08.png" x="256" y="0" w="32" h="32"/>
    <sprite n="faint09.png" x="288" y="0" w="32" h="32"/>
    <sprite n="faint10.png" x="320" y="0" w="32" h="32"/>
</TextureAtlas>
