<?xml version="1.0" encoding="UTF-8"?>
<!-- Created with TexturePacker https://www.codeandweb.com/texturepacker -->
<!-- $TexturePacker:SmartUpdate:8cdedaacd4276537691f9d6ab4de01eb:efcf69f0de9cfaa30990bc70610eea63:5565c5afe74e43592777684744c33522$ -->
<!--Format:
n  => name of the sprite
x  => sprite x pos in texture
y  => sprite y pos in texture
w  => sprite width (may be trimmed)
h  => sprite height (may be trimmed)
pX => x pos of the pivot point (relative to sprite width)
pY => y pos of the pivot point (relative to sprite height)
oX => sprite's x-corner offset (only available if trimmed)
oY => sprite's y-corner offset (only available if trimmed)
oW => sprite's original width (only available if trimmed)
oH => sprite's original height (only available if trimmed)
r => 'y' only set if sprite is rotated
with polygon mode enabled:
vertices   => points in sprite coordinate system (x0,y0,x1,y1,x2,y2, ...)
verticesUV => points in sheet coordinate system (x0,y0,x1,y1,x2,y2, ...)
triangles  => sprite triangulation, 3 vertex indices per triangle
-->
<TextureAtlas imagePath="badelien_flip.png" width="288" height="32">
    <sprite n="flip00.png" x="0" y="0" w="32" h="32"/>
    <sprite n="flip01.png" x="32" y="0" w="32" h="32"/>
    <sprite n="flip02.png" x="64" y="0" w="32" h="32"/>
    <sprite n="flip03.png" x="96" y="0" w="32" h="32"/>
    <sprite n="flip04.png" x="128" y="0" w="32" h="32"/>
    <sprite n="flip05.png" x="160" y="0" w="32" h="32"/>
    <sprite n="flip06.png" x="192" y="0" w="32" h="32"/>
    <sprite n="flip07.png" x="224" y="0" w="32" h="32"/>
    <sprite n="flip08.png" x="256" y="0" w="32" h="32"/>
</TextureAtlas>
