<?xml version="1.0" encoding="UTF-8"?>
<!-- Created with TexturePacker https://www.codeandweb.com/texturepacker -->
<!-- $TexturePacker:SmartUpdate:60ef789371ac25bc52c82160c40fb4d8:5990551f94efd4d2fcf1ea6fbcc58fa1:262d7c36166b1bfe7679ca86b7d7980d$ -->
<!--Format:
n  => name of the sprite
x  => sprite x pos in texture
y  => sprite y pos in texture
w  => sprite width (may be trimmed)
h  => sprite height (may be trimmed)
pX => x pos of the pivot point (relative to sprite width)
pY => y pos of the pivot point (relative to sprite height)
oX => sprite's x-corner offset (only available if trimmed)
oY => sprite's y-corner offset (only available if trimmed)
oW => sprite's original width (only available if trimmed)
oH => sprite's original height (only available if trimmed)
r => 'y' only set if sprite is rotated
with polygon mode enabled:
vertices   => points in sprite coordinate system (x0,y0,x1,y1,x2,y2, ...)
verticesUV => points in sheet coordinate system (x0,y0,x1,y1,x2,y2, ...)
triangles  => sprite triangulation, 3 vertex indices per triangle
-->
<TextureAtlas imagePath="badelien_dreamdash.png" width="672" height="32">
    <sprite n="dreamDash00.png" x="0" y="0" w="32" h="32"/>
    <sprite n="dreamDash01.png" x="32" y="0" w="32" h="32"/>
    <sprite n="dreamDash02.png" x="64" y="0" w="32" h="32"/>
    <sprite n="dreamDash03.png" x="96" y="0" w="32" h="32"/>
    <sprite n="dreamDash04.png" x="128" y="0" w="32" h="32"/>
    <sprite n="dreamDash05.png" x="160" y="0" w="32" h="32"/>
    <sprite n="dreamDash06.png" x="192" y="0" w="32" h="32"/>
    <sprite n="dreamDash07.png" x="224" y="0" w="32" h="32"/>
    <sprite n="dreamDash08.png" x="256" y="0" w="32" h="32"/>
    <sprite n="dreamDash09.png" x="288" y="0" w="32" h="32"/>
    <sprite n="dreamDash10.png" x="320" y="0" w="32" h="32"/>
    <sprite n="dreamDash11.png" x="352" y="0" w="32" h="32"/>
    <sprite n="dreamDash12.png" x="384" y="0" w="32" h="32"/>
    <sprite n="dreamDash13.png" x="416" y="0" w="32" h="32"/>
    <sprite n="dreamDash14.png" x="448" y="0" w="32" h="32"/>
    <sprite n="dreamDash15.png" x="480" y="0" w="32" h="32"/>
    <sprite n="dreamDash16.png" x="512" y="0" w="32" h="32"/>
    <sprite n="dreamDash17.png" x="544" y="0" w="32" h="32"/>
    <sprite n="dreamDash18.png" x="576" y="0" w="32" h="32"/>
    <sprite n="dreamDash19.png" x="608" y="0" w="32" h="32"/>
    <sprite n="dreamDash20.png" x="640" y="0" w="32" h="32"/>
</TextureAtlas>
