<?xml version="1.0" encoding="UTF-8"?>
<!-- Created with TexturePacker https://www.codeandweb.com/texturepacker -->
<!-- $TexturePacker:SmartUpdate:1b7aa7c6dcdefa677e6be973f940b4fe:e2b1883b019121648b4dab17fdb1dfd1:1585d83671948a07eebc0d538fdbe66d$ -->
<!--Format:
n  => name of the sprite
x  => sprite x pos in texture
y  => sprite y pos in texture
w  => sprite width (may be trimmed)
h  => sprite height (may be trimmed)
pX => x pos of the pivot point (relative to sprite width)
pY => y pos of the pivot point (relative to sprite height)
oX => sprite's x-corner offset (only available if trimmed)
oY => sprite's y-corner offset (only available if trimmed)
oW => sprite's original width (only available if trimmed)
oH => sprite's original height (only available if trimmed)
r => 'y' only set if sprite is rotated
with polygon mode enabled:
vertices   => points in sprite coordinate system (x0,y0,x1,y1,x2,y2, ...)
verticesUV => points in sheet coordinate system (x0,y0,x1,y1,x2,y2, ...)
triangles  => sprite triangulation, 3 vertex indices per triangle
-->
<TextureAtlas imagePath="badelien_edge.png" width="956" height="32">
    <sprite n="edge00.png" x="0" y="0" w="32" h="32"/>
    <sprite n="edge01.png" x="32" y="0" w="32" h="32"/>
    <sprite n="edge02.png" x="64" y="0" w="32" h="32"/>
    <sprite n="edge03.png" x="96" y="0" w="32" h="32"/>
    <sprite n="edge04.png" x="128" y="0" w="32" h="32"/>
    <sprite n="edge05.png" x="160" y="0" w="32" h="32"/>
    <sprite n="edge06.png" x="192" y="0" w="32" h="32"/>
    <sprite n="edge07.png" x="224" y="0" w="32" h="32"/>
    <sprite n="edge08.png" x="256" y="0" w="32" h="32"/>
    <sprite n="edge09.png" x="288" y="0" w="32" h="32"/>
    <sprite n="edge10.png" x="320" y="0" w="32" h="32"/>
    <sprite n="edge11.png" x="352" y="0" w="32" h="32"/>
    <sprite n="edge12.png" x="384" y="0" w="32" h="32"/>
    <sprite n="edge13.png" x="416" y="0" w="32" h="32"/>
    <sprite n="edge_back00.png" x="448" y="0" w="32" h="32"/>
    <sprite n="edge_back01.png" x="480" y="0" w="32" h="32"/>
    <sprite n="edge_back02.png" x="512" y="0" w="32" h="32"/>
    <sprite n="edge_back03.png" x="544" y="0" w="32" h="32"/>
    <sprite n="edge_back04.png" x="576" y="0" w="32" h="32"/>
    <sprite n="edge_back05.png" x="608" y="0" w="32" h="32"/>
    <sprite n="edge_back06.png" x="640" y="0" w="32" h="32"/>
    <sprite n="edge_back07.png" x="672" y="0" w="32" h="32"/>
    <sprite n="edge_back08.png" x="704" y="0" w="32" h="32"/>
    <sprite n="edge_back09.png" x="736" y="0" w="32" h="32"/>
    <sprite n="edge_back10.png" x="768" y="0" w="32" h="32"/>
    <sprite n="edge_back11.png" x="800" y="0" w="32" h="32"/>
    <sprite n="edge_back12.png" x="832" y="0" w="32" h="32"/>
    <sprite n="edge_back13.png" x="864" y="0" w="32" h="32"/>
    <sprite n="frontedge00.png" x="896" y="0" w="12" h="16"/>
    <sprite n="frontedge01.png" x="896" y="16" w="12" h="16"/>
    <sprite n="frontedge02.png" x="908" y="0" w="12" h="16"/>
    <sprite n="frontedge03.png" x="908" y="16" w="12" h="16"/>
    <sprite n="frontedge04.png" x="920" y="0" w="12" h="16"/>
    <sprite n="frontedge05.png" x="920" y="16" w="12" h="16"/>
    <sprite n="frontedge06.png" x="932" y="0" w="12" h="16"/>
    <sprite n="frontedge07.png" x="932" y="16" w="12" h="16"/>
    <sprite n="frontedge08.png" x="944" y="0" w="12" h="16"/>
</TextureAtlas>
