<?xml version="1.0" encoding="UTF-8"?>
<!-- Created with TexturePacker https://www.codeandweb.com/texturepacker -->
<!-- $TexturePacker:SmartUpdate:84e864603bef70c1244fbd1a49805db8:ca26c89a37c8d8cdf40fdf7f19773c1d:be295cfe648fab0a8713dd8c58122ee5$ -->
<!--Format:
n  => name of the sprite
x  => sprite x pos in texture
y  => sprite y pos in texture
w  => sprite width (may be trimmed)
h  => sprite height (may be trimmed)
pX => x pos of the pivot point (relative to sprite width)
pY => y pos of the pivot point (relative to sprite height)
oX => sprite's x-corner offset (only available if trimmed)
oY => sprite's y-corner offset (only available if trimmed)
oW => sprite's original width (only available if trimmed)
oH => sprite's original height (only available if trimmed)
r => 'y' only set if sprite is rotated
with polygon mode enabled:
vertices   => points in sprite coordinate system (x0,y0,x1,y1,x2,y2, ...)
verticesUV => points in sheet coordinate system (x0,y0,x1,y1,x2,y2, ...)
triangles  => sprite triangulation, 3 vertex indices per triangle
-->
<TextureAtlas imagePath="badelien_lookup.png" width="256" height="32">
    <sprite n="lookUp00.png" x="0" y="0" w="32" h="32"/>
    <sprite n="lookUp01.png" x="32" y="0" w="32" h="32"/>
    <sprite n="lookUp02.png" x="64" y="0" w="32" h="32"/>
    <sprite n="lookUp03.png" x="96" y="0" w="32" h="32"/>
    <sprite n="lookUp04.png" x="128" y="0" w="32" h="32"/>
    <sprite n="lookUp05.png" x="160" y="0" w="32" h="32"/>
    <sprite n="lookUp06.png" x="192" y="0" w="32" h="32"/>
    <sprite n="lookUp07.png" x="224" y="0" w="32" h="32"/>
</TextureAtlas>
