<?xml version="1.0" encoding="UTF-8"?>
<!-- Created with TexturePacker https://www.codeandweb.com/texturepacker -->
<!-- $TexturePacker:SmartUpdate:b319ec4d7149a8b3002219b5f9b82400:fbd6021639c04a03a522838a321a3331:362575c5667ceb039fb4da8cda970a0b$ -->
<!--Format:
n  => name of the sprite
x  => sprite x pos in texture
y  => sprite y pos in texture
w  => sprite width (may be trimmed)
h  => sprite height (may be trimmed)
pX => x pos of the pivot point (relative to sprite width)
pY => y pos of the pivot point (relative to sprite height)
oX => sprite's x-corner offset (only available if trimmed)
oY => sprite's y-corner offset (only available if trimmed)
oW => sprite's original width (only available if trimmed)
oH => sprite's original height (only available if trimmed)
r => 'y' only set if sprite is rotated
with polygon mode enabled:
vertices   => points in sprite coordinate system (x0,y0,x1,y1,x2,y2, ...)
verticesUV => points in sheet coordinate system (x0,y0,x1,y1,x2,y2, ...)
triangles  => sprite triangulation, 3 vertex indices per triangle
-->
<TextureAtlas imagePath="campfire.png" width="576" height="64">
    <sprite n="dream00.png" x="0" y="0" w="64" h="64"/>
    <sprite n="dream01.png" x="64" y="0" w="64" h="64"/>
    <sprite n="dream02.png" x="128" y="0" w="64" h="64"/>
    <sprite n="dream03.png" x="192" y="0" w="64" h="64"/>
    <sprite n="dream04.png" x="256" y="0" w="64" h="64"/>
    <sprite n="dream05.png" x="320" y="0" w="64" h="64"/>
    <sprite n="dream06.png" x="384" y="0" w="64" h="64"/>
    <sprite n="dream07.png" x="448" y="0" w="64" h="64"/>
    <sprite n="dream08.png" x="512" y="0" w="64" h="64"/>
</TextureAtlas>
