<?xml version="1.0" encoding="UTF-8"?>
<!-- Created with TexturePacker https://www.codeandweb.com/texturepacker -->
<!-- $TexturePacker:SmartUpdate:ce03650930853a1d3131f6c0e204c1de:db29ffafe4dfc6fa0dc2edf6c8c9bdb4:52ed3ea6f59000e810b07d22466d7982$ -->
<!--Format:
n  => name of the sprite
x  => sprite x pos in texture
y  => sprite y pos in texture
w  => sprite width (may be trimmed)
h  => sprite height (may be trimmed)
pX => x pos of the pivot point (relative to sprite width)
pY => y pos of the pivot point (relative to sprite height)
oX => sprite's x-corner offset (only available if trimmed)
oY => sprite's y-corner offset (only available if trimmed)
oW => sprite's original width (only available if trimmed)
oH => sprite's original height (only available if trimmed)
r => 'y' only set if sprite is rotated
with polygon mode enabled:
vertices   => points in sprite coordinate system (x0,y0,x1,y1,x2,y2, ...)
verticesUV => points in sheet coordinate system (x0,y0,x1,y1,x2,y2, ...)
triangles  => sprite triangulation, 3 vertex indices per triangle
-->
<TextureAtlas imagePath="dreamblock.png" width="80" height="984">
    <sprite n="01.png" x="0" y="0" w="80" h="40"/>
    <sprite n="02.png" x="0" y="40" w="80" h="40"/>
    <sprite n="03.png" x="0" y="80" w="80" h="40"/>
    <sprite n="04.png" x="0" y="120" w="80" h="40"/>
    <sprite n="05.png" x="0" y="160" w="80" h="40"/>
    <sprite n="06.png" x="0" y="200" w="80" h="40"/>
    <sprite n="07.png" x="0" y="240" w="80" h="40"/>
    <sprite n="08.png" x="0" y="280" w="80" h="40"/>
    <sprite n="09.png" x="0" y="320" w="80" h="40"/>
    <sprite n="10.png" x="0" y="360" w="80" h="40"/>
    <sprite n="11.png" x="0" y="400" w="80" h="40"/>
    <sprite n="12.png" x="0" y="440" w="80" h="40"/>
    <sprite n="13.png" x="0" y="480" w="80" h="40"/>
    <sprite n="14.png" x="0" y="520" w="80" h="40"/>
    <sprite n="15.png" x="0" y="560" w="80" h="40"/>
    <sprite n="16.png" x="0" y="600" w="80" h="40"/>
    <sprite n="17.png" x="0" y="640" w="80" h="40"/>
    <sprite n="18.png" x="0" y="680" w="80" h="40"/>
    <sprite n="19.png" x="0" y="720" w="80" h="40"/>
    <sprite n="20.png" x="0" y="760" w="80" h="40"/>
    <sprite n="21.png" x="0" y="800" w="80" h="40"/>
    <sprite n="22.png" x="0" y="840" w="80" h="40"/>
    <sprite n="23.png" x="0" y="880" w="80" h="40"/>
    <sprite n="24.png" x="0" y="920" w="80" h="40"/>
    <sprite n="active.png" x="0" y="960" w="24" h="24"/>
    <sprite n="disabled.png" x="24" y="960" w="24" h="24"/>
    <sprite n="particles.png" x="48" y="960" w="21" h="7"/>
</TextureAtlas>
