<?xml version="1.0" encoding="UTF-8"?>
<!-- Created with TexturePacker https://www.codeandweb.com/texturepacker -->
<!-- $TexturePacker:SmartUpdate:c8fac55787262a0d6030c553337e34e0:b2dd3055e011e8eaff23b9cc7ca18679:ab39b8c5255eb9480b03dc9be685dfd6$ -->
<!--Format:
n  => name of the sprite
x  => sprite x pos in texture
y  => sprite y pos in texture
w  => sprite width (may be trimmed)
h  => sprite height (may be trimmed)
pX => x pos of the pivot point (relative to sprite width)
pY => y pos of the pivot point (relative to sprite height)
oX => sprite's x-corner offset (only available if trimmed)
oY => sprite's y-corner offset (only available if trimmed)
oW => sprite's original width (only available if trimmed)
oH => sprite's original height (only available if trimmed)
r => 'y' only set if sprite is rotated
with polygon mode enabled:
vertices   => points in sprite coordinate system (x0,y0,x1,y1,x2,y2, ...)
verticesUV => points in sheet coordinate system (x0,y0,x1,y1,x2,y2, ...)
triangles  => sprite triangulation, 3 vertex indices per triangle
-->
<TextureAtlas imagePath="flash.png" width="192" height="16">
    <sprite n="flash00.png" x="0" y="0" w="16" h="16"/>
    <sprite n="flash01.png" x="16" y="0" w="16" h="16"/>
    <sprite n="flash02.png" x="32" y="0" w="16" h="16"/>
    <sprite n="flash03.png" x="48" y="0" w="16" h="16"/>
    <sprite n="flash04.png" x="64" y="0" w="16" h="16"/>
    <sprite n="flash05.png" x="80" y="0" w="16" h="16"/>
    <sprite n="idle00.png" x="96" y="0" w="16" h="16"/>
    <sprite n="idle01.png" x="112" y="0" w="16" h="16"/>
    <sprite n="idle02.png" x="128" y="0" w="16" h="16"/>
    <sprite n="idle03.png" x="144" y="0" w="16" h="16"/>
    <sprite n="idle04.png" x="160" y="0" w="16" h="16"/>
    <sprite n="outline.png" x="176" y="0" w="16" h="16"/>
</TextureAtlas>
