<?xml version="1.0" encoding="UTF-8"?>
<!-- Created with TexturePacker https://www.codeandweb.com/texturepacker -->
<!-- $TexturePacker:SmartUpdate:4c4f49425ec817f0e72c7a48a0b69e43:b83c8c88a3fc015168f7b714f8ef50f8:496a043239c813e4669a12649636e271$ -->
<!--Format:
n  => name of the sprite
x  => sprite x pos in texture
y  => sprite y pos in texture
w  => sprite width (may be trimmed)
h  => sprite height (may be trimmed)
pX => x pos of the pivot point (relative to sprite width)
pY => y pos of the pivot point (relative to sprite height)
oX => sprite's x-corner offset (only available if trimmed)
oY => sprite's y-corner offset (only available if trimmed)
oW => sprite's original width (only available if trimmed)
oH => sprite's original height (only available if trimmed)
r => 'y' only set if sprite is rotated
with polygon mode enabled:
vertices   => points in sprite coordinate system (x0,y0,x1,y1,x2,y2, ...)
verticesUV => points in sheet coordinate system (x0,y0,x1,y1,x2,y2, ...)
triangles  => sprite triangulation, 3 vertex indices per triangle
-->
<TextureAtlas imagePath="mirror.png" width="118" height="305">
    <sprite n="frame.png" x="0" y="0" w="64" h="39"/>
    <sprite n="glassbg.png" x="0" y="39" w="54" h="29"/>
    <sprite n="glassbreak00.png" x="0" y="68" w="54" h="29"/>
    <sprite n="glassbreak01.png" x="54" y="73" w="54" h="29"/>
    <sprite n="glassbreak02.png" x="0" y="97" w="54" h="29"/>
    <sprite n="glassbreak03.png" x="54" y="102" w="54" h="29"/>
    <sprite n="glassbreak04.png" x="0" y="126" w="54" h="29"/>
    <sprite n="glassbreak05.png" x="54" y="131" w="54" h="29"/>
    <sprite n="glassbreak06.png" x="0" y="155" w="54" h="29"/>
    <sprite n="glassbreak07.png" x="54" y="160" w="54" h="29"/>
    <sprite n="glassbreak08.png" x="0" y="184" w="54" h="29"/>
    <sprite n="glassbreak09.png" x="54" y="189" w="54" h="29"/>
    <sprite n="glassfg.png" x="64" y="0" w="54" h="73"/>
    <sprite n="mirrormask00.png" x="0" y="213" w="54" h="29"/>
    <sprite n="mirrormask01.png" x="54" y="218" w="54" h="29"/>
    <sprite n="mirrormask02.png" x="0" y="242" w="54" h="29"/>
    <sprite n="mirrormask03.png" x="54" y="247" w="54" h="29"/>
    <sprite n="mirrormask04.png" x="0" y="271" w="54" h="29"/>
    <sprite n="mirrormask05.png" x="54" y="276" w="54" h="29"/>
</TextureAtlas>
