<?xml version="1.0" encoding="UTF-8"?>
<!-- Created with TexturePacker https://www.codeandweb.com/texturepacker -->
<!-- $TexturePacker:SmartUpdate:2f389520125146a3041a77aca7cdeb9d:0751ec39268c55fdaf8b092b9c7661ea:910ed7b6a5d23ff029364b9ee6c6e86f$ -->
<!--Format:
n  => name of the sprite
x  => sprite x pos in texture
y  => sprite y pos in texture
w  => sprite width (may be trimmed)
h  => sprite height (may be trimmed)
pX => x pos of the pivot point (relative to sprite width)
pY => y pos of the pivot point (relative to sprite height)
oX => sprite's x-corner offset (only available if trimmed)
oY => sprite's y-corner offset (only available if trimmed)
oW => sprite's original width (only available if trimmed)
oH => sprite's original height (only available if trimmed)
r => 'y' only set if sprite is rotated
with polygon mode enabled:
vertices   => points in sprite coordinate system (x0,y0,x1,y1,x2,y2, ...)
verticesUV => points in sheet coordinate system (x0,y0,x1,y1,x2,y2, ...)
triangles  => sprite triangulation, 3 vertex indices per triangle
-->
<TextureAtlas imagePath="strawberry.png" width="378" height="16">
    <sprite n="normal00.png" x="0" y="0" w="18" h="16"/>
    <sprite n="normal01.png" x="18" y="0" w="18" h="16"/>
    <sprite n="normal02.png" x="36" y="0" w="18" h="16"/>
    <sprite n="normal03.png" x="54" y="0" w="18" h="16"/>
    <sprite n="normal04.png" x="72" y="0" w="18" h="16"/>
    <sprite n="normal05.png" x="90" y="0" w="18" h="16"/>
    <sprite n="normal06.png" x="108" y="0" w="18" h="16"/>
    <sprite n="normal07.png" x="126" y="0" w="18" h="16"/>
    <sprite n="normal08.png" x="144" y="0" w="18" h="16"/>
    <sprite n="normal09.png" x="162" y="0" w="18" h="16"/>
    <sprite n="normal10.png" x="180" y="0" w="18" h="16"/>
    <sprite n="normal11.png" x="198" y="0" w="18" h="16"/>
    <sprite n="normal12.png" x="216" y="0" w="18" h="16"/>
    <sprite n="normal13.png" x="234" y="0" w="18" h="16"/>
    <sprite n="normal14.png" x="252" y="0" w="18" h="16"/>
    <sprite n="normal15.png" x="270" y="0" w="18" h="16"/>
    <sprite n="normal16.png" x="288" y="0" w="18" h="16"/>
    <sprite n="normal17.png" x="306" y="0" w="18" h="16"/>
    <sprite n="normal18.png" x="324" y="0" w="18" h="16"/>
    <sprite n="normal19.png" x="342" y="0" w="18" h="16"/>
    <sprite n="normal20.png" x="360" y="0" w="18" h="16"/>
</TextureAtlas>
