<?xml version="1.0" encoding="UTF-8"?>
<!-- Created with TexturePacker https://www.codeandweb.com/texturepacker -->
<!-- $TexturePacker:SmartUpdate:b0b30193e72d9e7138da76d3163978de:ecc0f6a48e9435008c8ea386222893e9:f6aa4d60ad4a31003853595392953389$ -->
<!--Format:
n  => name of the sprite
x  => sprite x pos in texture
y  => sprite y pos in texture
w  => sprite width (may be trimmed)
h  => sprite height (may be trimmed)
pX => x pos of the pivot point (relative to sprite width)
pY => y pos of the pivot point (relative to sprite height)
oX => sprite's x-corner offset (only available if trimmed)
oY => sprite's y-corner offset (only available if trimmed)
oW => sprite's original width (only available if trimmed)
oH => sprite's original height (only available if trimmed)
r => 'y' only set if sprite is rotated
with polygon mode enabled:
vertices   => points in sprite coordinate system (x0,y0,x1,y1,x2,y2, ...)
verticesUV => points in sheet coordinate system (x0,y0,x1,y1,x2,y2, ...)
triangles  => sprite triangulation, 3 vertex indices per triangle
-->
<TextureAtlas imagePath="dangling.png" width="320" height="32">
    <sprite n="dangling00.png" x="0" y="0" w="32" h="32"/>
    <sprite n="dangling01.png" x="32" y="0" w="32" h="32"/>
    <sprite n="dangling02.png" x="64" y="0" w="32" h="32"/>
    <sprite n="dangling03.png" x="96" y="0" w="32" h="32"/>
    <sprite n="dangling04.png" x="128" y="0" w="32" h="32"/>
    <sprite n="dangling05.png" x="160" y="0" w="32" h="32"/>
    <sprite n="dangling06.png" x="192" y="0" w="32" h="32"/>
    <sprite n="dangling07.png" x="224" y="0" w="32" h="32"/>
    <sprite n="dangling08.png" x="256" y="0" w="32" h="32"/>
    <sprite n="dangling09.png" x="288" y="0" w="32" h="32"/>
</TextureAtlas>
