<?xml version="1.0" encoding="UTF-8"?>
<!-- Created with TexturePacker https://www.codeandweb.com/texturepacker -->
<!-- $TexturePacker:SmartUpdate:308e9656cbae80f15fac1d1603eb90cb:c09cf318c190f30c1b4c21a56e847ec6:9f5c17b1edcaef90ffec515cc3bb7e6f$ -->
<!--Format:
n  => name of the sprite
x  => sprite x pos in texture
y  => sprite y pos in texture
w  => sprite width (may be trimmed)
h  => sprite height (may be trimmed)
pX => x pos of the pivot point (relative to sprite width)
pY => y pos of the pivot point (relative to sprite height)
oX => sprite's x-corner offset (only available if trimmed)
oY => sprite's y-corner offset (only available if trimmed)
oW => sprite's original width (only available if trimmed)
oH => sprite's original height (only available if trimmed)
r => 'y' only set if sprite is rotated
with polygon mode enabled:
vertices   => points in sprite coordinate system (x0,y0,x1,y1,x2,y2, ...)
verticesUV => points in sheet coordinate system (x0,y0,x1,y1,x2,y2, ...)
triangles  => sprite triangulation, 3 vertex indices per triangle
-->
<TextureAtlas imagePath="idle.png" width="1120" height="32">
    <sprite n="idle00.png" x="0" y="0" w="32" h="32"/>
    <sprite n="idle01.png" x="32" y="0" w="32" h="32"/>
    <sprite n="idle02.png" x="64" y="0" w="32" h="32"/>
    <sprite n="idle03.png" x="96" y="0" w="32" h="32"/>
    <sprite n="idle04.png" x="128" y="0" w="32" h="32"/>
    <sprite n="idle05.png" x="160" y="0" w="32" h="32"/>
    <sprite n="idle06.png" x="192" y="0" w="32" h="32"/>
    <sprite n="idle07.png" x="224" y="0" w="32" h="32"/>
    <sprite n="idleA00.png" x="256" y="0" w="32" h="32"/>
    <sprite n="idleA01.png" x="288" y="0" w="32" h="32"/>
    <sprite n="idleA02.png" x="320" y="0" w="32" h="32"/>
    <sprite n="idleA03.png" x="352" y="0" w="32" h="32"/>
    <sprite n="idleA04.png" x="384" y="0" w="32" h="32"/>
    <sprite n="idleA05.png" x="416" y="0" w="32" h="32"/>
    <sprite n="idleA06.png" x="448" y="0" w="32" h="32"/>
    <sprite n="idleA07.png" x="480" y="0" w="32" h="32"/>
    <sprite n="idleA08.png" x="512" y="0" w="32" h="32"/>
    <sprite n="idleA09.png" x="544" y="0" w="32" h="32"/>
    <sprite n="idleA10.png" x="576" y="0" w="32" h="32"/>
    <sprite n="idleA11.png" x="608" y="0" w="32" h="32"/>
    <sprite n="idleB00.png" x="640" y="0" w="32" h="32"/>
    <sprite n="idleB01.png" x="672" y="0" w="32" h="32"/>
    <sprite n="idleB02.png" x="704" y="0" w="32" h="32"/>
    <sprite n="idleB03.png" x="736" y="0" w="32" h="32"/>
    <sprite n="idleB04.png" x="768" y="0" w="32" h="32"/>
    <sprite n="idleB05.png" x="800" y="0" w="32" h="32"/>
    <sprite n="idleB06.png" x="832" y="0" w="32" h="32"/>
    <sprite n="idleB07.png" x="864" y="0" w="32" h="32"/>
    <sprite n="idleB08.png" x="896" y="0" w="32" h="32"/>
    <sprite n="idleB09.png" x="928" y="0" w="32" h="32"/>
    <sprite n="idleB10.png" x="960" y="0" w="32" h="32"/>
    <sprite n="idleB11.png" x="992" y="0" w="32" h="32"/>
    <sprite n="idleB12.png" x="1024" y="0" w="32" h="32"/>
    <sprite n="idleB13.png" x="1056" y="0" w="32" h="32"/>
    <sprite n="idleB14.png" x="1088" y="0" w="32" h="32"/>
</TextureAtlas>
