<?xml version="1.0" encoding="UTF-8"?>
<!-- Created with TexturePacker https://www.codeandweb.com/texturepacker -->
<!-- $TexturePacker:SmartUpdate:4550da587bdc714a0dcd410cdb24787c:93f9af6fb801cdf68b656644742fcce3:c11cbcf89c15b7857fe5213233812bab$ -->
<!--Format:
n  => name of the sprite
x  => sprite x pos in texture
y  => sprite y pos in texture
w  => sprite width (may be trimmed)
h  => sprite height (may be trimmed)
pX => x pos of the pivot point (relative to sprite width)
pY => y pos of the pivot point (relative to sprite height)
oX => sprite's x-corner offset (only available if trimmed)
oY => sprite's y-corner offset (only available if trimmed)
oW => sprite's original width (only available if trimmed)
oH => sprite's original height (only available if trimmed)
r => 'y' only set if sprite is rotated
with polygon mode enabled:
vertices   => points in sprite coordinate system (x0,y0,x1,y1,x2,y2, ...)
verticesUV => points in sheet coordinate system (x0,y0,x1,y1,x2,y2, ...)
triangles  => sprite triangulation, 3 vertex indices per triangle
-->
<TextureAtlas imagePath="run.png" width="1152" height="32">
    <sprite n="runFast00.png" x="0" y="0" w="32" h="32"/>
    <sprite n="runFast01.png" x="32" y="0" w="32" h="32"/>
    <sprite n="runFast02.png" x="64" y="0" w="32" h="32"/>
    <sprite n="runFast03.png" x="96" y="0" w="32" h="32"/>
    <sprite n="runFast04.png" x="128" y="0" w="32" h="32"/>
    <sprite n="runFast05.png" x="160" y="0" w="32" h="32"/>
    <sprite n="runFast06.png" x="192" y="0" w="32" h="32"/>
    <sprite n="runFast07.png" x="224" y="0" w="32" h="32"/>
    <sprite n="runFast08.png" x="256" y="0" w="32" h="32"/>
    <sprite n="runFast09.png" x="288" y="0" w="32" h="32"/>
    <sprite n="runFast10.png" x="320" y="0" w="32" h="32"/>
    <sprite n="runFast11.png" x="352" y="0" w="32" h="32"/>
    <sprite n="runSlow00.png" x="384" y="0" w="32" h="32"/>
    <sprite n="runSlow01.png" x="416" y="0" w="32" h="32"/>
    <sprite n="runSlow02.png" x="448" y="0" w="32" h="32"/>
    <sprite n="runSlow03.png" x="480" y="0" w="32" h="32"/>
    <sprite n="runSlow04.png" x="512" y="0" w="32" h="32"/>
    <sprite n="runSlow05.png" x="544" y="0" w="32" h="32"/>
    <sprite n="runSlow06.png" x="576" y="0" w="32" h="32"/>
    <sprite n="runSlow07.png" x="608" y="0" w="32" h="32"/>
    <sprite n="runSlow08.png" x="640" y="0" w="32" h="32"/>
    <sprite n="runSlow09.png" x="672" y="0" w="32" h="32"/>
    <sprite n="runSlow10.png" x="704" y="0" w="32" h="32"/>
    <sprite n="runSlow11.png" x="736" y="0" w="32" h="32"/>
    <sprite n="runStumble00.png" x="768" y="0" w="32" h="32"/>
    <sprite n="runStumble01.png" x="800" y="0" w="32" h="32"/>
    <sprite n="runStumble02.png" x="832" y="0" w="32" h="32"/>
    <sprite n="runStumble03.png" x="864" y="0" w="32" h="32"/>
    <sprite n="runStumble04.png" x="896" y="0" w="32" h="32"/>
    <sprite n="runStumble05.png" x="928" y="0" w="32" h="32"/>
    <sprite n="runStumble06.png" x="960" y="0" w="32" h="32"/>
    <sprite n="runStumble07.png" x="992" y="0" w="32" h="32"/>
    <sprite n="runStumble08.png" x="1024" y="0" w="32" h="32"/>
    <sprite n="runStumble09.png" x="1056" y="0" w="32" h="32"/>
    <sprite n="runStumble10.png" x="1088" y="0" w="32" h="32"/>
    <sprite n="runStumble11.png" x="1120" y="0" w="32" h="32"/>
</TextureAtlas>
