<?xml version="1.0" encoding="UTF-8"?>
<!-- Created with TexturePacker https://www.codeandweb.com/texturepacker -->
<!-- $TexturePacker:SmartUpdate:837ad967229204344ee092ce456d3815:05a53717ddd86987824f8d14c2e7cf4d:d15ef87893ff4387f2e5862f2ab28db4$ -->
<!--Format:
n  => name of the sprite
x  => sprite x pos in texture
y  => sprite y pos in texture
w  => sprite width (may be trimmed)
h  => sprite height (may be trimmed)
pX => x pos of the pivot point (relative to sprite width)
pY => y pos of the pivot point (relative to sprite height)
oX => sprite's x-corner offset (only available if trimmed)
oY => sprite's y-corner offset (only available if trimmed)
oW => sprite's original width (only available if trimmed)
oH => sprite's original height (only available if trimmed)
r => 'y' only set if sprite is rotated
with polygon mode enabled:
vertices   => points in sprite coordinate system (x0,y0,x1,y1,x2,y2, ...)
verticesUV => points in sheet coordinate system (x0,y0,x1,y1,x2,y2, ...)
triangles  => sprite triangulation, 3 vertex indices per triangle
-->
<TextureAtlas imagePath="Player_fallPose.png" width="352" height="32">
    <sprite n="fallPose00.png" x="0" y="0" w="32" h="32"/>
    <sprite n="fallPose01.png" x="32" y="0" w="32" h="32"/>
    <sprite n="fallPose02.png" x="64" y="0" w="32" h="32"/>
    <sprite n="fallPose03.png" x="96" y="0" w="32" h="32"/>
    <sprite n="fallPose04.png" x="128" y="0" w="32" h="32"/>
    <sprite n="fallPose05.png" x="160" y="0" w="32" h="32"/>
    <sprite n="fallPose06.png" x="192" y="0" w="32" h="32"/>
    <sprite n="fallPose07.png" x="224" y="0" w="32" h="32"/>
    <sprite n="fallPose08.png" x="256" y="0" w="32" h="32"/>
    <sprite n="fallPose09.png" x="288" y="0" w="32" h="32"/>
    <sprite n="fallPose10.png" x="320" y="0" w="32" h="32"/>
</TextureAtlas>
