<?xml version="1.0" encoding="UTF-8"?>
<!-- Created with TexturePacker https://www.codeandweb.com/texturepacker -->
<!-- $TexturePacker:SmartUpdate:4465b553f8d2b4ca8fa86232d7b5ed7d:baf44f9fdcd3f01436f792916eb08612:c3aac60f1b42164afb74fc34f171a654$ -->
<!--Format:
n  => name of the sprite
x  => sprite x pos in texture
y  => sprite y pos in texture
w  => sprite width (may be trimmed)
h  => sprite height (may be trimmed)
pX => x pos of the pivot point (relative to sprite width)
pY => y pos of the pivot point (relative to sprite height)
oX => sprite's x-corner offset (only available if trimmed)
oY => sprite's y-corner offset (only available if trimmed)
oW => sprite's original width (only available if trimmed)
oH => sprite's original height (only available if trimmed)
r => 'y' only set if sprite is rotated
with polygon mode enabled:
vertices   => points in sprite coordinate system (x0,y0,x1,y1,x2,y2, ...)
verticesUV => points in sheet coordinate system (x0,y0,x1,y1,x2,y2, ...)
triangles  => sprite triangulation, 3 vertex indices per triangle
-->
<TextureAtlas imagePath="Player_wakeup.png" width="480" height="32">
    <sprite n="wakeup00.png" x="0" y="0" w="32" h="32"/>
    <sprite n="wakeup01.png" x="32" y="0" w="32" h="32"/>
    <sprite n="wakeup02.png" x="64" y="0" w="32" h="32"/>
    <sprite n="wakeup03.png" x="96" y="0" w="32" h="32"/>
    <sprite n="wakeup04.png" x="128" y="0" w="32" h="32"/>
    <sprite n="wakeup05.png" x="160" y="0" w="32" h="32"/>
    <sprite n="wakeup06.png" x="192" y="0" w="32" h="32"/>
    <sprite n="wakeup07.png" x="224" y="0" w="32" h="32"/>
    <sprite n="wakeup08.png" x="256" y="0" w="32" h="32"/>
    <sprite n="wakeup09.png" x="288" y="0" w="32" h="32"/>
    <sprite n="wakeup10.png" x="320" y="0" w="32" h="32"/>
    <sprite n="wakeup11.png" x="352" y="0" w="32" h="32"/>
    <sprite n="wakeup12.png" x="384" y="0" w="32" h="32"/>
    <sprite n="wakeup13.png" x="416" y="0" w="32" h="32"/>
    <sprite n="wakeup14.png" x="448" y="0" w="32" h="32"/>
</TextureAtlas>
