<?xml version="1.0" encoding="UTF-8"?>
<!-- Created with TexturePacker https://www.codeandweb.com/texturepacker -->
<!-- $TexturePacker:SmartUpdate:459f677da0d34ac660e37c24a2951370:6032462078fe17ec7912337979193056:7cc333bf64a79a29d87c378cf539bfcb$ -->
<!--Format:
n  => name of the sprite
x  => sprite x pos in texture
y  => sprite y pos in texture
w  => sprite width (may be trimmed)
h  => sprite height (may be trimmed)
pX => x pos of the pivot point (relative to sprite width)
pY => y pos of the pivot point (relative to sprite height)
oX => sprite's x-corner offset (only available if trimmed)
oY => sprite's y-corner offset (only available if trimmed)
oW => sprite's original width (only available if trimmed)
oH => sprite's original height (only available if trimmed)
r => 'y' only set if sprite is rotated
with polygon mode enabled:
vertices   => points in sprite coordinate system (x0,y0,x1,y1,x2,y2, ...)
verticesUV => points in sheet coordinate system (x0,y0,x1,y1,x2,y2, ...)
triangles  => sprite triangulation, 3 vertex indices per triangle
-->
<TextureAtlas imagePath="Player_dead.png" width="672" height="32">
    <sprite n="deaddown00.png" x="0" y="0" w="32" h="32"/>
    <sprite n="deaddown01.png" x="32" y="0" w="32" h="32"/>
    <sprite n="deadside00.png" x="64" y="0" w="32" h="32"/>
    <sprite n="deadside01.png" x="96" y="0" w="32" h="32"/>
    <sprite n="deadup00.png" x="128" y="0" w="32" h="32"/>
    <sprite n="deadup01.png" x="160" y="0" w="32" h="32"/>
    <sprite n="death_h00.png" x="192" y="0" w="32" h="32"/>
    <sprite n="death_h01.png" x="224" y="0" w="32" h="32"/>
    <sprite n="death_h02.png" x="256" y="0" w="32" h="32"/>
    <sprite n="death_h03.png" x="288" y="0" w="32" h="32"/>
    <sprite n="death_h04.png" x="320" y="0" w="32" h="32"/>
    <sprite n="death_h05.png" x="352" y="0" w="32" h="32"/>
    <sprite n="death_h06.png" x="384" y="0" w="32" h="32"/>
    <sprite n="death_h07.png" x="416" y="0" w="32" h="32"/>
    <sprite n="death_h08.png" x="448" y="0" w="32" h="32"/>
    <sprite n="death_h09.png" x="480" y="0" w="32" h="32"/>
    <sprite n="death_h10.png" x="512" y="0" w="32" h="32"/>
    <sprite n="death_h11.png" x="544" y="0" w="32" h="32"/>
    <sprite n="death_h12.png" x="576" y="0" w="32" h="32"/>
    <sprite n="death_h13.png" x="608" y="0" w="32" h="32"/>
    <sprite n="death_h14.png" x="640" y="0" w="32" h="32"/>
</TextureAtlas>
