<?xml version="1.0" encoding="UTF-8"?>
<!-- Created with TexturePacker https://www.codeandweb.com/texturepacker -->
<!-- $TexturePacker:SmartUpdate:70024bbf85c7450e0da6e1fffff5c179:7620125233a064b944b5148e0f35171e:8e37913cf5ec7700230bcda1c2fe8502$ -->
<!--Format:
n  => name of the sprite
x  => sprite x pos in texture
y  => sprite y pos in texture
w  => sprite width (may be trimmed)
h  => sprite height (may be trimmed)
pX => x pos of the pivot point (relative to sprite width)
pY => y pos of the pivot point (relative to sprite height)
oX => sprite's x-corner offset (only available if trimmed)
oY => sprite's y-corner offset (only available if trimmed)
oW => sprite's original width (only available if trimmed)
oH => sprite's original height (only available if trimmed)
r => 'y' only set if sprite is rotated
with polygon mode enabled:
vertices   => points in sprite coordinate system (x0,y0,x1,y1,x2,y2, ...)
verticesUV => points in sheet coordinate system (x0,y0,x1,y1,x2,y2, ...)
triangles  => sprite triangulation, 3 vertex indices per triangle
-->
<TextureAtlas imagePath="Player_bigfall.png" width="352" height="32">
    <sprite n="bigfall00.png" x="0" y="0" w="32" h="32"/>
    <sprite n="bigfall01.png" x="32" y="0" w="32" h="32"/>
    <sprite n="bigfall02.png" x="64" y="0" w="32" h="32"/>
    <sprite n="bigfall03.png" x="96" y="0" w="32" h="32"/>
    <sprite n="bigfall04.png" x="128" y="0" w="32" h="32"/>
    <sprite n="bigfall05.png" x="160" y="0" w="32" h="32"/>
    <sprite n="bigfall06.png" x="192" y="0" w="32" h="32"/>
    <sprite n="bigfall07.png" x="224" y="0" w="32" h="32"/>
    <sprite n="bigfall08.png" x="256" y="0" w="32" h="32"/>
    <sprite n="bigfall09.png" x="288" y="0" w="32" h="32"/>
    <sprite n="bigfall10.png" x="320" y="0" w="32" h="32"/>
</TextureAtlas>
