<?xml version="1.0" encoding="UTF-8"?>
<!-- Created with TexturePacker https://www.codeandweb.com/texturepacker -->
<!-- $TexturePacker:SmartUpdate:a9e09b854d200d0b03c5589e2d93cc63:ab9bcd1983608c6a75d0d8f4517ff567:7863e5f06c40955d6dba5ba2ebd172ec$ -->
<!--Format:
n  => name of the sprite
x  => sprite x pos in texture
y  => sprite y pos in texture
w  => sprite width (may be trimmed)
h  => sprite height (may be trimmed)
pX => x pos of the pivot point (relative to sprite width)
pY => y pos of the pivot point (relative to sprite height)
oX => sprite's x-corner offset (only available if trimmed)
oY => sprite's y-corner offset (only available if trimmed)
oW => sprite's original width (only available if trimmed)
oH => sprite's original height (only available if trimmed)
r => 'y' only set if sprite is rotated
with polygon mode enabled:
vertices   => points in sprite coordinate system (x0,y0,x1,y1,x2,y2, ...)
verticesUV => points in sheet coordinate system (x0,y0,x1,y1,x2,y2, ...)
triangles  => sprite triangulation, 3 vertex indices per triangle
-->
<TextureAtlas imagePath="decal.png" width="317" height="128">
    <sprite n="barrel.png" x="205" y="64" w="24" h="24"/>
    <sprite n="barrel_brokenA.png" x="229" y="64" w="24" h="24"/>
    <sprite n="barrel_brokenB.png" x="253" y="64" w="24" h="24"/>
    <sprite n="big_cage.png" x="0" y="0" w="45" h="80"/>
    <sprite n="cage_modular_bot.png" x="301" y="64" w="16" h="16"/>
    <sprite n="cage_modular_midA.png" x="301" y="80" w="16" h="16"/>
    <sprite n="cage_modular_midB.png" x="216" y="112" w="16" h="16"/>
    <sprite n="cage_modular_midC.png" x="232" y="112" w="16" h="16"/>
    <sprite n="cage_modular_midD.png" x="264" y="88" w="16" h="16"/>
    <sprite n="cage_modular_top.png" x="280" y="88" w="16" h="16"/>
    <sprite n="chain_broken.png" x="248" y="106" w="16" h="16"/>
    <sprite n="chain_mid.png" x="272" y="104" w="16" h="16"/>
    <sprite n="chained_cage.png" x="0" y="80" w="64" h="48"/>
    <sprite n="chair.png" x="285" y="0" w="32" h="32"/>
    <sprite n="chair_broken.png" x="173" y="64" w="32" h="32"/>
    <sprite n="chair_old.png" x="160" y="96" w="32" h="32"/>
    <sprite n="checkpoint.png" x="277" y="64" w="24" h="24"/>
    <sprite n="cloth_pole00.png" x="45" y="0" w="48" h="32"/>
    <sprite n="cloth_pole01.png" x="93" y="0" w="48" h="32"/>
    <sprite n="cloth_pole02.png" x="141" y="0" w="48" h="32"/>
    <sprite n="cloth_pole03.png" x="189" y="0" w="48" h="32"/>
    <sprite n="cloth_pole04.png" x="173" y="32" w="48" h="32"/>
    <sprite n="cloth_pole05.png" x="237" y="0" w="48" h="32"/>
    <sprite n="cloth_pole06.png" x="221" y="32" w="48" h="32"/>
    <sprite n="door.png" x="240" y="88" w="24" h="18"/>
    <sprite n="medium_cage.png" x="45" y="32" w="32" h="48"/>
    <sprite n="medium_cage_broken.png" x="64" y="80" w="32" h="48"/>
    <sprite n="pilar_diagonalB.png" x="205" y="88" w="8" h="8"/>
    <sprite n="pilar_h_endA.png" x="208" y="120" w="8" h="8"/>
    <sprite n="pilar_h_endB.png" x="280" y="120" w="8" h="8"/>
    <sprite n="pilar_hA.png" x="192" y="120" w="8" h="8"/>
    <sprite n="pilar_hB.png" x="272" y="120" w="8" h="8"/>
    <sprite n="pilar_hC.png" x="200" y="120" w="8" h="8"/>
    <sprite n="pilar_instersection_small.png" x="160" y="80" w="8" h="16"/>
    <sprite n="pilar_instersection_smallB.png" x="264" y="104" w="8" h="24"/>
    <sprite n="pilar_vertical_endA.png" x="288" y="120" w="8" h="8"/>
    <sprite n="pilar_vertical_endB.png" x="296" y="96" w="8" h="8"/>
    <sprite n="pilar_vertical_endC.png" x="296" y="104" w="8" h="8"/>
    <sprite n="pilar_verticalA.png" x="288" y="104" w="8" h="8"/>
    <sprite n="pilar_verticalB.png" x="288" y="112" w="8" h="8"/>
    <sprite n="simple_pole.png" x="269" y="32" w="48" h="32"/>
    <sprite n="table_broken.png" x="141" y="32" w="32" h="48"/>
    <sprite n="tableA.png" x="77" y="32" w="32" h="48"/>
    <sprite n="tableB.png" x="96" y="80" w="32" h="48"/>
    <sprite n="tableC.png" x="109" y="32" w="32" h="48"/>
    <sprite n="tableD.png" x="128" y="80" w="32" h="48"/>
    <sprite n="window.png" x="192" y="96" w="24" h="24"/>
    <sprite n="window_boarded.png" x="216" y="88" w="24" h="24"/>
</TextureAtlas>
