<?xml version="1.0" encoding="UTF-8"?>
<!-- Created with TexturePacker https://www.codeandweb.com/texturepacker -->
<!-- $TexturePacker:SmartUpdate:73f5d09321577ca4c339a1b186f0e998:ca4a276fa92be8fb3f672199c6d4415c:7c97d18752b646df3fe95eab7bc797ae$ -->
<!--Format:
n  => name of the sprite
x  => sprite x pos in texture
y  => sprite y pos in texture
w  => sprite width (may be trimmed)
h  => sprite height (may be trimmed)
pX => x pos of the pivot point (relative to sprite width)
pY => y pos of the pivot point (relative to sprite height)
oX => sprite's x-corner offset (only available if trimmed)
oY => sprite's y-corner offset (only available if trimmed)
oW => sprite's original width (only available if trimmed)
oH => sprite's original height (only available if trimmed)
r => 'y' only set if sprite is rotated
with polygon mode enabled:
vertices   => points in sprite coordinate system (x0,y0,x1,y1,x2,y2, ...)
verticesUV => points in sheet coordinate system (x0,y0,x1,y1,x2,y2, ...)
triangles  => sprite triangulation, 3 vertex indices per triangle
-->
<TextureAtlas imagePath="decal_2.png" width="168" height="64">
    <sprite n="algae_a.png" x="80" y="32" w="16" h="16"/>
    <sprite n="algae_b.png" x="64" y="0" w="16" h="32"/>
    <sprite n="algae_c.png" x="80" y="0" w="32" h="16"/>
    <sprite n="algae_d.png" x="80" y="16" w="32" h="16"/>
    <sprite n="algae_e.png" x="64" y="32" w="16" h="32"/>
    <sprite n="grass_a.png" x="144" y="56" w="8" h="8"/>
    <sprite n="grass_b.png" x="152" y="56" w="8" h="8"/>
    <sprite n="grass_c.png" x="160" y="0" w="8" h="8"/>
    <sprite n="grass_d.png" x="160" y="8" w="8" h="8"/>
    <sprite n="hanginggrass_a.png" x="80" y="48" w="16" h="16"/>
    <sprite n="snow_a.png" x="96" y="32" w="16" h="16"/>
    <sprite n="snow_b.png" x="96" y="48" w="16" h="16"/>
    <sprite n="snow_c.png" x="112" y="0" w="16" h="16"/>
    <sprite n="snow_d.png" x="112" y="16" w="16" h="16"/>
    <sprite n="snow_e.png" x="112" y="32" w="16" h="16"/>
    <sprite n="snow_f.png" x="112" y="48" w="16" h="16"/>
    <sprite n="snow_g.png" x="128" y="0" w="16" h="16"/>
    <sprite n="snow_h.png" x="128" y="16" w="16" h="16"/>
    <sprite n="snow_i.png" x="144" y="48" w="16" h="8"/>
    <sprite n="snow_j.png" x="128" y="32" w="16" h="16"/>
    <sprite n="snow_k.png" x="128" y="48" w="16" h="16"/>
    <sprite n="snow_l.png" x="144" y="0" w="16" h="16"/>
    <sprite n="snow_m.png" x="144" y="16" w="16" h="16"/>
    <sprite n="snow_n.png" x="144" y="32" w="16" h="16"/>
    <sprite n="snow_o.png" x="0" y="0" w="64" h="64"/>
</TextureAtlas>
