<?xml version="1.0" encoding="UTF-8"?>
<!-- Created with TexturePacker https://www.codeandweb.com/texturepacker -->
<!-- $TexturePacker:SmartUpdate:a4d5fae00fee688fb8f5e590146fd833:cd9a66ed007653d0fd43aa360c553c60:6eb37bbfb9c62f526c8a62e5eb8a046a$ -->
<!--Format:
n  => name of the sprite
x  => sprite x pos in texture
y  => sprite y pos in texture
w  => sprite width (may be trimmed)
h  => sprite height (may be trimmed)
pX => x pos of the pivot point (relative to sprite width)
pY => y pos of the pivot point (relative to sprite height)
oX => sprite's x-corner offset (only available if trimmed)
oY => sprite's y-corner offset (only available if trimmed)
oW => sprite's original width (only available if trimmed)
oH => sprite's original height (only available if trimmed)
r => 'y' only set if sprite is rotated
with polygon mode enabled:
vertices   => points in sprite coordinate system (x0,y0,x1,y1,x2,y2, ...)
verticesUV => points in sheet coordinate system (x0,y0,x1,y1,x2,y2, ...)
triangles  => sprite triangulation, 3 vertex indices per triangle
-->
<TextureAtlas imagePath="stars.png" width="150" height="15">
    <sprite n="a00.png" x="0" y="0" w="15" h="15"/>
    <sprite n="a01.png" x="15" y="0" w="15" h="15"/>
    <sprite n="a02.png" x="30" y="0" w="15" h="15"/>
    <sprite n="a03.png" x="45" y="0" w="15" h="15"/>
    <sprite n="b00.png" x="60" y="0" w="15" h="15"/>
    <sprite n="b01.png" x="75" y="0" w="15" h="15"/>
    <sprite n="b03.png" x="90" y="0" w="15" h="15"/>
    <sprite n="c00.png" x="105" y="0" w="15" h="15"/>
    <sprite n="c01.png" x="120" y="0" w="15" h="15"/>
    <sprite n="c02.png" x="135" y="0" w="15" h="15"/>
    <sprite n="c03.png" x="60" y="0" w="15" h="15"/>
</TextureAtlas>
