<?xml version="1.0" encoding="UTF-8"?>
<!-- Created with TexturePacker https://www.codeandweb.com/texturepacker -->
<!-- $TexturePacker:SmartUpdate:0dfc5fd16e5b597b57342cb310c19a6c:cb2cc5e8a06353691fe1c2992e777dbc:5191e1b9062428ec9b5a3fd0fcd56a84$ -->
<!--Format:
n  => name of the sprite
x  => sprite x pos in texture
y  => sprite y pos in texture
w  => sprite width (may be trimmed)
h  => sprite height (may be trimmed)
pX => x pos of the pivot point (relative to sprite width)
pY => y pos of the pivot point (relative to sprite height)
oX => sprite's x-corner offset (only available if trimmed)
oY => sprite's y-corner offset (only available if trimmed)
oW => sprite's original width (only available if trimmed)
oH => sprite's original height (only available if trimmed)
r => 'y' only set if sprite is rotated
with polygon mode enabled:
vertices   => points in sprite coordinate system (x0,y0,x1,y1,x2,y2, ...)
verticesUV => points in sheet coordinate system (x0,y0,x1,y1,x2,y2, ...)
triangles  => sprite triangulation, 3 vertex indices per triangle
-->
<TextureAtlas imagePath="sweat.png" width="800" height="32">
    <sprite n="climb00.png" x="0" y="0" w="32" h="32"/>
    <sprite n="climb01.png" x="32" y="0" w="32" h="32"/>
    <sprite n="climb02.png" x="64" y="0" w="32" h="32"/>
    <sprite n="climb03.png" x="96" y="0" w="32" h="32"/>
    <sprite n="climb04.png" x="128" y="0" w="32" h="32"/>
    <sprite n="climb05.png" x="160" y="0" w="32" h="32"/>
    <sprite n="climb06.png" x="192" y="0" w="32" h="32"/>
    <sprite n="climb07.png" x="224" y="0" w="32" h="32"/>
    <sprite n="danger00.png" x="256" y="0" w="32" h="32"/>
    <sprite n="danger01.png" x="288" y="0" w="32" h="32"/>
    <sprite n="danger02.png" x="320" y="0" w="32" h="32"/>
    <sprite n="danger03.png" x="352" y="0" w="32" h="32"/>
    <sprite n="danger04.png" x="384" y="0" w="32" h="32"/>
    <sprite n="danger05.png" x="416" y="0" w="32" h="32"/>
    <sprite n="idle00.png" x="448" y="0" w="32" h="32"/>
    <sprite n="jump00.png" x="480" y="0" w="32" h="32"/>
    <sprite n="jump01.png" x="512" y="0" w="32" h="32"/>
    <sprite n="jump02.png" x="544" y="0" w="32" h="32"/>
    <sprite n="jump03.png" x="576" y="0" w="32" h="32"/>
    <sprite n="still00.png" x="608" y="0" w="32" h="32"/>
    <sprite n="still01.png" x="640" y="0" w="32" h="32"/>
    <sprite n="still02.png" x="672" y="0" w="32" h="32"/>
    <sprite n="still03.png" x="704" y="0" w="32" h="32"/>
    <sprite n="still04.png" x="736" y="0" w="32" h="32"/>
    <sprite n="still05.png" x="768" y="0" w="32" h="32"/>
</TextureAtlas>
